﻿<?xml version="1.0" encoding="UTF-8"?>
<md:MetaData xmlns:md="urn:wco:datamodel:WCO:DocumentMetaData-DMS:2" xmlns="urn:wco:datamodel:WCO:DEC-DMS:2">
    <md:WCODataModelVersionCode>3.6</md:WCODataModelVersionCode>
    <md:WCOTypeName>DEC</md:WCOTypeName>
    <md:ResponsibleCountryCode>NL</md:ResponsibleCountryCode>
    <md:ResponsibleAgencyName>Duane</md:ResponsibleAgencyName>
    <md:AgencyAssignedCustomizationVersionCode>v2.1</md:AgencyAssignedCustomizationVersionCode>
    <Declaration>
        <FunctionCode>13</FunctionCode>
        <FunctionalReferenceID>Danielle_20180404_1154</FunctionalReferenceID>
        <ID>18GBJFKYDPAB34VGO7</ID>
        <TypeCode>INV</TypeCode>
        <Submitter>
            <ID>NL025115165432</ID>
        </Submitter>
        <AdditionalInformation>
            <StatementDescription>This is a duplicate, please cancel</StatementDescription>
            <StatementTypeCode>CUS</StatementTypeCode>
        </AdditionalInformation>
        <Amendment>
            <ChangeReasonCode>1</ChangeReasonCode>
        </Amendment>
    </Declaration>
</md:MetaData>
